{
  "notified_tweets": [
    "1989044323044782325",
    "1989036267145949424",
    "1989043910421934180",
    "1989065352836472844",
    "1989069639280988452",
    "1989059689338802591"
  ],
  "last_notification": {
    "ItsMimiSparkles": 1763066725.259117,
    "MoFoxxies": 1763066788.135907,
    "RfactDraw": 1763066848.117209,
    "SadRobotAlters": 1763066908.141051,
    "ShippingShield": 1763066968.241667,
    "beyoncegarden": 1763067030.409946
  }
}