{
  "notified_tweets": [
    "1989033579691778078",
    "1989031555537445132",
    "1989043910421934180",
    "1989056169235870153",
    "1989065352836472844",
    "1989036267145949424",
    "1989059689338802591",
    "1989048557861523878",
    "1989044323044782325",
    "1989031872815415380",
    "1989069639280988452"
  ],
  "last_notification": {
    "ItsMimiSparkles": 1763066725.259117,
    "MoFoxxies": 1763066788.135907,
    "RfactDraw": 1763066848.117209,
    "SadRobotAlters": 1763066908.141051,
    "ShippingShield": 1763066968.241667,
    "beyoncegarden": 1763067030.409946,
    "goodgirlxsz": 1763067333.950868,
    "morteraphan": 1763067415.777158,
    "rainbowglaze123": 1763067477.657465,
    "rojamaibo": 1763067543.330175,
    "sashasmilesXO": 1763067604.49949
  }
}